position,mutation_count,cumulative_impact,most_common_change
15,1,0.1394331455230713,T→G
18,28,0.6467863619327547,C→G
29,1,0.12029880285263062,A→G
39,5,0.8388359844684601,C→T
43,2,0.4904019236564636,A→T
59,2,0.18055105209350586,A→T
62,1,0.042938232421875,A→T
65,1,0.015427589416503906,G→C
67,20,3.922747135162353,T→G
71,3,0.1363906860351558,G→T
73,21,2.8397459983825692,T→G
74,5,0.2924962043762207,C→T
76,7,0.482338428497314,G→C
77,21,1.1231589317321773,A→G
78,30,4.055488109588623,G→A
81,26,8.110791444778442,G→A
82,26,8.088673710823057,C→A
83,27,6.560919880867004,C→T
87,29,5.382943630218506,G→A
88,5,0.16012334823608487,C→T
89,3,0.32131862640380815,G→C
91,43,10.07132577896118,G→C
93,47,15.93769720196724,C→G
96,1,0.05069684982299849,G→T
102,47,22.12209939956665,G→C
104,19,1.1777052879333496,C→G
106,47,10.092471659183502,A→C
109,5,0.24696946144104004,T→C
110,55,12.605771064758303,G→T
111,18,2.4972405433654785,C→T
112,17,1.5291295051574725,C→G
113,23,4.54323410987854,C→T
114,18,2.976118803024292,T→G
115,17,1.9287049770355225,C→T
116,20,2.7703619003295885,G→T
117,2,0.16920042037963867,C→T
119,15,1.6092953681945796,T→G
122,28,6.131714820861817,T→A
125,31,7.015277624130247,T→C
128,3,0.13309288024902344,G→T
129,7,0.4908866882324219,C→G
130,2,0.16308784484863326,G→A
131,14,2.0919241905212402,A→C
132,3,0.21935582160949707,G→C
133,20,4.115424394607544,T→C
134,14,2.0966372489929204,T→G
135,10,2.0083117485046404,T→G
136,11,1.8632373809814444,T→A
137,1,0.10957050323486328,A→C
139,3,0.17020297050476074,T→G
142,21,3.3587005138397212,T→A
143,5,0.6344347000122066,C→T
144,5,0.41881680488586426,T→C
145,7,1.6571832895278928,C→G
146,10,2.315281629562378,C→G
147,7,0.5729901790618901,T→C
148,2,0.37529969215393066,T→C
149,2,0.18682479858398438,C→G
151,4,0.6504762172698975,G→C
154,14,3.5619177222251888,A→C
157,5,0.22398114204406738,C→A
158,10,3.0410425662994385,C→G
160,11,3.4239622354507446,G→A
162,1,0.3202645778656006,G→A
163,10,0.0,A→T
168,10,4.633413493633271,G→T
171,3,0.21712589263916016,G→T
172,8,2.0229572057724,C→A
173,37,10.213386416435242,C→G
174,10,2.9899487495422363,C→G
175,15,2.2329411506652836,C→G
176,8,0.5193374156951887,G→A
177,9,0.3122332096099849,C→G
180,10,1.3581297397613534,T→G
181,1,0.09103083610534668,G→C
183,3,0.47077608108520597,T→C
184,4,0.37537431716918945,A→G
186,2,0.2157497406005855,A→C
187,1,0.1002497673034668,A→T
