position,original_nt,A_to_C,A_to_G,A_to_T,C_to_A,C_to_G,C_to_T,G_to_A,G_to_C,G_to_T,T_to_A,T_to_C,T_to_G
1,T,0,0,0,0,0,0,0,0,0,3,0,0
2,C,0,0,0,0,0,3,0,0,0,0,0,0
4,G,0,0,0,0,0,0,3,0,0,0,0,0
5,T,0,0,0,0,0,0,0,0,0,0,1,0
7,C,0,0,0,3,0,0,0,0,0,0,0,0
9,C,0,0,0,0,0,3,0,0,0,0,0,0
18,G,0,0,0,0,0,0,0,0,5,0,0,0
20,T,0,0,0,0,0,0,0,0,0,3,0,0
21,C,0,0,0,0,0,3,0,0,0,0,0,0
22,T,0,0,0,0,0,0,0,0,0,0,1,0
23,C,0,0,0,0,3,0,0,0,0,0,0,0
24,C,0,0,0,1,0,0,0,0,0,0,0,0
25,G,0,0,0,0,0,0,2,0,1,0,0,0
27,A,0,0,1,0,0,0,0,0,0,0,0,0
28,G,0,0,3,0,0,0,3,0,0,0,0,0
30,C,0,1,0,1,2,0,0,0,0,0,0,0
31,C,0,0,0,2,1,1,0,0,1,0,0,0
32,T,0,0,0,0,0,0,0,0,0,3,0,0
33,A,5,0,0,0,0,0,0,0,0,0,0,0
34,A,1,0,0,0,0,0,0,0,0,0,0,0
35,A,0,1,0,0,0,0,0,0,0,0,0,0
37,G,0,0,0,0,0,0,1,0,0,0,0,0
38,G,0,0,0,0,0,0,2,0,1,0,0,0
39,T,0,0,0,0,0,0,0,0,0,0,1,0
40,G,0,0,0,0,0,0,0,6,0,0,0,0
41,G,0,0,0,1,0,0,2,5,0,0,0,0
42,T,0,0,0,0,0,0,0,0,0,0,1,0
44,A,0,2,0,0,0,0,0,0,0,0,0,0
45,T,0,0,0,0,0,0,0,0,0,0,0,8
46,C,0,0,0,0,0,8,0,0,0,0,0,0
47,T,0,0,0,0,0,0,0,0,0,0,1,0
48,A,1,0,0,0,0,0,0,0,0,0,0,0
49,T,0,0,0,0,0,0,0,0,0,8,0,0
54,A,0,0,8,0,0,0,0,0,0,0,0,0
57,A,1,0,6,0,0,0,0,0,0,0,0,0
58,G,0,0,0,0,0,0,0,0,7,0,2,2
59,A,2,5,0,0,0,0,0,0,0,0,0,0
62,A,3,0,0,0,0,0,0,0,0,0,0,0
63,G,0,0,0,0,0,0,2,0,0,0,0,0
65,G,0,0,0,0,0,0,1,0,2,0,0,0
67,G,0,0,0,0,0,0,0,12,0,0,0,0
68,G,0,0,0,0,0,0,0,0,2,0,0,0
69,T,0,0,0,0,0,0,0,0,0,0,0,2
70,C,0,0,0,2,0,0,0,0,0,0,0,0
71,A,0,1,0,0,0,0,0,0,0,0,0,0
72,C,0,0,0,0,1,0,0,0,0,0,0,0
73,A,0,1,0,0,0,0,0,0,0,0,0,0
74,A,0,0,1,0,0,0,0,0,0,0,0,0
75,G,0,1,0,0,0,0,3,0,0,0,0,0
76,G,0,0,0,0,0,0,2,0,1,0,0,0
78,A,6,0,0,0,0,0,0,0,0,0,0,0
81,T,0,0,0,0,0,0,0,0,0,5,0,0
82,G,0,0,0,0,0,0,1,0,5,0,0,0
83,G,0,0,0,0,0,0,1,3,0,0,0,0
84,T,0,0,0,0,0,0,0,0,0,0,0,17
85,A,2,12,0,0,0,0,0,1,0,0,0,0
86,G,1,0,0,0,0,0,1,1,0,0,0,0
87,G,0,0,0,0,0,0,0,0,3,0,0,0
90,G,0,0,0,0,0,0,2,3,0,0,0,0
91,A,0,17,0,0,0,0,0,0,0,0,0,0
95,T,0,0,0,0,0,0,0,0,0,0,16,0
97,A,0,0,15,0,0,0,0,0,0,0,0,0
100,C,0,0,0,0,0,5,0,0,0,0,0,0
104,T,0,0,0,0,0,0,0,0,0,1,0,0
105,T,0,0,0,0,0,0,0,0,0,2,1,0
106,G,0,0,0,0,0,0,1,0,3,0,0,0
107,T,0,0,0,0,0,0,3,0,0,0,0,10
108,C,0,0,0,1,0,2,0,0,0,0,0,0
109,C,0,0,0,0,2,3,0,0,0,0,0,0
110,A,0,7,4,0,0,0,0,0,0,0,0,0
111,G,0,0,0,0,0,0,2,0,1,0,0,0
112,A,0,0,1,0,0,0,0,0,0,0,0,0
113,A,4,0,5,0,0,0,0,0,0,0,0,0
116,A,7,1,0,0,0,1,0,0,0,0,0,0
117,G,0,0,0,0,0,0,0,0,4,0,0,0
118,A,1,0,0,0,0,0,0,0,0,0,0,0
120,T,0,0,0,0,0,0,0,0,0,1,1,0
154,A,0,1,0,0,0,0,0,0,0,0,0,0
169,A,0,0,4,0,0,0,0,0,0,0,0,0
171,C,0,0,0,1,1,0,0,0,0,0,0,0
175,T,0,0,0,0,0,0,0,0,0,0,0,1
182,G,0,0,0,0,0,0,0,0,1,0,0,0
183,A,0,2,0,0,0,0,0,0,0,0,0,0
184,A,0,0,1,0,0,0,0,0,0,0,0,0
185,T,0,0,0,0,0,0,0,0,0,0,0,1
186,G,0,0,0,0,0,0,3,0,1,0,0,0
187,T,0,0,0,0,0,0,0,0,0,1,0,0
189,G,0,0,0,0,0,0,1,0,0,0,0,0
190,G,0,0,0,0,0,0,5,0,0,0,0,0
197,T,0,0,0,0,0,0,0,0,0,17,0,0
199,T,0,0,0,0,0,0,0,0,0,1,0,0
204,G,0,0,0,0,0,0,1,0,0,0,0,0
206,A,1,0,0,0,0,0,0,0,0,0,0,0
211,C,0,0,0,0,5,0,0,0,0,0,0,0
