position,mutation,A,J
8,A_to_C,21,2
9,C_to_A,7,2
10,G_to_C,1,3
11,C_to_G,1,8
11,C_to_T,29,26
12,A_to_C,30,26
12,A_to_G,7,8
13,A_to_T,1,12
14,T_to_C,39,46
19,A_to_C,1,26
20,G_to_T,32,68
27,T_to_C,1,2
30,T_to_A,53,68
32,T_to_C,20,1
32,T_to_G,5,67
36,C_to_A,16,65
37,C_to_A,48,57
38,A_to_C,1,57
39,T_to_C,2,5
41,C_to_A,52,41
41,C_to_G,2,5
44,T_to_A,46,30
45,A_to_G,7,20
46,C_to_A,13,4
48,C_to_G,1,1
48,C_to_T,9,6
49,T_to_A,4,4
49,T_to_C,24,2
50,C_to_T,34,5
51,T_to_G,13,1
53,G_to_T,1,1
54,C_to_A,2,1
54,C_to_T,18,1
55,T_to_C,36,12
62,G_to_A,9,14
